{"cameraMode":{"drawMode":0,"name":"Shaded","section":"Shading Mode"},"sceneLighting":true,"audioPlay":false,"sceneViewState":{"m_AlwaysRefresh":false,"showFog":true,"showSkybox":true,"showFlares":true,"showImageEffects":true,"showParticleSystems":true,"showVisualEffectGraphs":true,"m_FxEnabled":true},"in2DMode":false,"pivot":{"x":2.141852617263794,"y":0.009700536727905274,"z":1.9637596607208253},"rotation":{"x":-0.7024328112602234,"y":-0.0006426969193853438,"z":0.0006341264816001058,"w":-0.7117509841918945},"size":3.5134241580963136,"orthographic":false}