{"cameraMode":{"drawMode":0,"name":"Shaded","section":"Shading Mode"},"sceneLighting":true,"audioPlay":false,"sceneViewState":{"m_AlwaysRefresh":false,"showFog":true,"showSkybox":true,"showFlares":true,"showImageEffects":true,"showParticleSystems":true,"showVisualEffectGraphs":true,"m_FxEnabled":true},"in2DMode":false,"pivot":{"x":1.6878852844238282,"y":1.7917671203613282,"z":-0.07831862568855286},"rotation":{"x":0.5238135457038879,"y":-0.4749342203140259,"z":0.5244447588920593,"w":0.4743629992008209},"size":9.004790306091309,"orthographic":false}