{"cameraMode":{"drawMode":0,"name":"Shaded","section":"Shading Mode"},"sceneLighting":true,"audioPlay":false,"sceneViewState":{"m_AlwaysRefresh":false,"showFog":true,"showSkybox":true,"showFlares":true,"showImageEffects":true,"showParticleSystems":true,"showVisualEffectGraphs":true,"m_FxEnabled":true},"in2DMode":false,"pivot":{"x":1.259933352470398,"y":-0.07323454320430756,"z":0.5493365526199341},"rotation":{"x":-0.7074969410896301,"y":0.008933818899095059,"z":-0.008902625180780888,"w":-0.7066439986228943},"size":2.4362704753875734,"orthographic":true}