{"cameraMode":{"drawMode":0,"name":"Shaded","section":"Shading Mode"},"sceneLighting":true,"audioPlay":false,"sceneViewState":{"m_AlwaysRefresh":false,"showFog":true,"showSkybox":true,"showFlares":true,"showImageEffects":true,"showParticleSystems":true,"showVisualEffectGraphs":true,"m_FxEnabled":true},"in2DMode":false,"pivot":{"x":1.9068553447723389,"y":-0.978187084197998,"z":-0.35317885875701907},"rotation":{"x":-0.043467648327350619,"y":0.032078586518764499,"z":-0.0013667382299900056,"w":-0.9985718727111816},"size":3.7758846282958986,"orthographic":true}