{"cameraMode":{"drawMode":0,"name":"Shaded","section":"Shading Mode"},"sceneLighting":true,"audioPlay":false,"sceneViewState":{"m_AlwaysRefresh":false,"showFog":true,"showSkybox":true,"showFlares":true,"showImageEffects":true,"showParticleSystems":true,"showVisualEffectGraphs":true,"m_FxEnabled":true},"in2DMode":false,"pivot":{"x":546.6129150390625,"y":255.37429809570313,"z":-15.213497161865235},"rotation":{"x":0.004499945789575577,"y":0.004500009585171938,"z":-0.000020242607206455432,"w":0.9999812245368958},"size":259.0181579589844,"orthographic":false}