{"cameraMode":{"drawMode":0,"name":"Shaded","section":"Shading Mode"},"sceneLighting":true,"audioPlay":false,"sceneViewState":{"m_AlwaysRefresh":false,"showFog":true,"showSkybox":true,"showFlares":true,"showImageEffects":true,"showParticleSystems":true,"showVisualEffectGraphs":true,"m_FxEnabled":true},"in2DMode":false,"pivot":{"x":-1.1511871814727784,"y":-18.811092376708986,"z":0.6940692067146301},"rotation":{"x":0.48769572377204897,"y":-0.5122972130775452,"z":0.4971647560596466,"w":0.5025609731674194},"size":12.415188789367676,"orthographic":false}